Time;Number of Costumers
0;0
1;0
1;0
2;0
1;0
3;0
3;0
3;0
3;0
4;0
4;0
4;0
5;0
5;0
5;0
5;0
6;0
6;0
6;0
7;0
7;0
7;0
7;0
8;0
8;0
8;0
8;0
9;0
9;0
9;0
9;0
9;0
9;0
10;0
10;0
10;0
10;0
10;0
11;0
11;0
11;0
11;0
12;0
12;0
12;0
12;0
12;0
13;0
13;0
12;0
13;1
13;1
14;1
14;1
14;1
14;1
15;1
15;1
15;1
15;1
15;1
16;1
16;1
16;1
16;1
16;1
16;1
16;2
17;2
17;2
17;2
17;2
17;3
17;3
18;3
18;3
18;4
18;4
18;4
18;4
19;4
19;4
19;4
19;4
19;4
19;4
20;4
20;4
20;4
20;4
20;5
20;5
21;5
21;5
21;5
21;5
21;5
21;5
22;5
22;5
22;5
22;6
22;6
22;6
23;6
23;6
23;7
23;7
23;7
23;7
24;7
24;7
24;7
24;7
24;7
24;7
24;7
24;7
25;7
25;7
25;7
25;7
25;8
25;9
25;10
25;10
26;10
26;10
26;10
26;10
27;10
27;11
27;11
28;11
28;11
28;11
29;11
29;11
30;11
30;11
31;11
31;11
31;11
31;11
31;11
32;11
32;11
32;12
32;13
33;13
33;14
33;14
33;13
34;13
34;13
34;14
34;14
35;14
35;14
35;15
35;15
35;15
36;15
36;15
36;15
36;16
36;17
36;18
36;17
37;16
37;16
38;16
38;16
38;16
38;15
39;16
40;16
40;16
40;15
41;15
41;15
41;16
42;15
43;15
43;14
44;15
45;15
45;14
45;13
45;12
46;13
46;13
47;14
47;13
49;13
50;13
50;13
50;13
51;13
51;14
51;14
52;15
52;16
52;15
52;14
53;13
54;12
55;11
56;11
56;10
56;9
56;8
57;8
57;8
57;8
57;8
58;8
58;8
58;8
59;8
59;8
59;7
59;7
59;7
60;7
60;7
60;7
60;7
60;7
61;6
61;6
61;6
61;6
61;7
62;7
62;7
62;7
62;7
63;7
63;7
63;7
63;7
63;7
63;7
64;6
64;6
64;6
64;6
64;6
64;6
65;6
65;6
65;6
65;6
65;6
66;5
66;5
66;5
66;5
66;5
67;5
67;4
67;4
67;4
68;4
68;4
68;4
68;4
68;4
68;5
68;5
69;5
69;5
69;5
69;5
69;5
69;5
70;6
70;6
70;6
70;6
71;6
71;6
71;6
71;6
71;6
71;5
71;5
71;5
72;5
72;5
72;4
72;3
72;3
72;3
72;3
72;3
72;4
72;4
73;4
73;4
73;4
73;5
73;5
73;5
73;5
73;5
74;5
74;5
74;6
74;6
74;6
74;6
75;6
75;6
75;7
75;7
75;7
75;7
76;7
76;7
76;7
76;7
76;7
76;7
76;7
77;7
77;7
77;7
77;7
77;7
77;8
77;8
78;8
78;8
78;8
78;8
78;8
78;8
78;8
79;8
79;8
79;9
79;10
79;10
79;10
79;10
80;10
80;10
80;10
80;10
80;10
80;10
80;10
81;10
81;10
81;10
81;10
81;11
81;11
81;10
81;10
81;10
81;10
82;10
82;10
82;10
82;10
82;11
82;11
82;11
83;11
83;11
83;11
83;11
83;11
83;11
84;11
84;12
84;12
84;12
84;12
84;12
84;12
85;12
85;12
85;13
85;13
85;13
86;13
86;13
86;13
86;14
86;14
86;14
87;14
87;14
87;14
87;14
88;14
88;14
88;13
88;13
88;13
88;13
89;14
89;15
89;15
89;15
90;16
90;16
90;16
90;15
91;15
91;15
91;15
91;15
92;15
92;15
92;14
92;14
92;14
92;15
93;15
93;15
93;15
93;15
93;15
93;14
93;14
94;14
94;14
94;13
94;13
94;13
94;13
94;14
94;15
95;14
95;14
95;15
95;15
96;15
96;15
96;15
96;15
96;15
97;15
97;15
97;14
97;14
97;14
97;14
97;15
98;15
98;16
98;17
98;17
99;17
99;17
99;17
99;16
99;15
99;15
100;15
100;15
100;15
100;16
101;16
101;16
101;15
101;15
102;15
102;15
102;16
102;15
102;15
103;15
103;15
104;15
104;15
104;15
104;14
105;15
105;16
105;17
105;16
106;16
106;15
107;15
107;15
107;16
107;16
108;16
108;16
108;16
108;17
109;17
109;17
109;16
109;15
110;15
110;15
110;14
111;15
111;16
112;16
112;16
112;15
113;15
113;15
113;15
113;16
113;16
114;15
114;14
114;14
114;15
115;15
115;15
115;15
116;15
115;14
117;14
117;14
117;14
117;14
117;13
118;13
118;12
118;11
118;11
118;11
119;11
119;11
119;12
119;12
119;12
120;13
120;13
120;13
120;12
122;11
123;11
123;11
123;11
123;11
124;11
124;11
124;11
124;11
124;12
125;12
125;12
125;12
125;11
125;10
125;9
125;9
126;9
126;9
126;9
126;9
127;9
127;9
127;8
127;8
127;8
128;8
128;8
128;8
128;8
128;9
128;9
128;8
128;8
128;8
129;8
129;8
129;8
129;8
129;8
129;8
129;8
129;8
129;8
129;9
129;9
130;9
130;9
130;9
130;9
130;9
130;10
130;10
130;10
130;10
130;10
131;10
131;9
131;8
131;8
131;8
131;8
131;8
131;8
131;8
131;8
132;8
132;8
132;9
132;9
132;9
132;9
132;9
132;9
132;9
133;9
133;9
133;8
133;8
133;8
133;8
133;8
133;8
134;8
134;8
134;8
134;8
134;7
134;7
134;7
134;7
134;7
135;7
135;7
135;7
135;7
135;7
135;7
135;7
135;7
135;7
135;7
135;7
135;7
136;7
136;7
136;7
136;7
136;7
136;8
136;9
136;9
136;9
136;9
136;9
136;9
136;9
137;9
137;9
137;10
137;10
137;10
137;10
137;10
137;10
137;10
137;10
137;10
138;10
138;10
138;10
138;10
138;10
138;10
138;10
138;10
138;10
138;10
139;10
139;10
139;9
139;9
139;9
139;9
139;9
139;9
139;9
139;9
139;9
140;9
140;9
140;9
140;10
140;10
140;9
140;9
140;9
140;9
140;9
140;9
140;9
140;9
140;9
141;9
141;9
141;9
141;10
141;10
141;10
141;10
141;10
141;10
141;10
141;10
142;10
142;10
142;10
142;10
142;10
142;10
142;10
142;10
142;10
142;10
143;10
143;10
143;10
143;10
143;10
143;10
143;10
143;10
143;10
143;10
143;10
144;11
144;11
144;10
144;10
144;10
144;10
144;10
144;10
144;10
144;10
144;10
144;10
145;11
145;11
145;11
145;11
145;11
145;11
145;11
145;11
145;11
145;11
145;11
145;11
146;11
146;12
146;13
146;14
146;14
146;14
146;14
146;14
146;14
146;14
146;14
147;14
147;14
147;14
147;15
147;15
147;15
147;15
147;15
147;15
148;15
148;15
148;15
148;14
148;14
148;15
148;15
148;15
148;15
148;15
148;15
149;14
149;14
149;14
149;15
149;15
149;15
149;15
149;15
150;15
150;15
150;15
150;14
150;14
150;14
150;14
150;14
150;14
151;14
151;14
151;14
151;14
151;14
151;14
151;14
151;14
151;14
152;14
152;14
152;13
152;13
152;14
152;14
152;14
152;14
152;14
152;14
152;14
153;14
153;15
153;15
153;15
153;15
153;15
153;15
153;15
154;15
154;15
154;15
154;15
154;15
154;15
154;15
154;15
155;16
155;16
155;16
155;16
155;16
155;16
155;16
155;16
156;17
156;17
156;16
156;15
156;15
156;15
156;15
156;15
157;15
157;15
157;16
157;15
157;15
157;15
158;15
158;15
158;15
158;15
158;15
158;15
159;16
159;16
159;16
159;17
160;17
160;17
160;17
160;17
160;16
160;16
161;16
161;16
161;16
161;16
161;15
161;15
161;15
161;16
162;16
162;16
162;16
162;16
162;16
162;17
162;17
163;17
163;17
163;17
163;17
163;17
163;17
163;17
163;17
164;17
164;16
164;16
164;17
164;18
164;18
164;18
165;18
165;18
165;18
165;19
165;19
165;19
165;18
165;18
165;18
166;18
166;17
166;16
166;15
166;15
166;15
166;15
166;16
166;17
166;17
167;17
167;17
167;16
167;16
167;16
167;16
167;16
168;16
168;16
168;15
168;15
168;16
168;16
168;16
169;16
169;16
169;16
169;17
169;17
169;16
169;16
169;16
169;16
170;16
170;16
170;16
170;16
170;16
170;17
170;17
170;17
171;17
171;17
171;17
171;17
171;17
171;17
171;17
172;17
172;16
172;16
172;16
172;16
172;16
172;16
172;16
173;15
173;15
173;15
173;15
173;15
173;15
173;15
174;15
174;15
174;15
174;15
174;15
174;15
174;15
174;15
175;15
175;15
175;14
175;14
175;14
175;14
175;14
175;14
175;14
175;14
175;14
176;14
176;15
176;16
176;16
176;15
176;15
176;15
176;15
176;15
176;15
176;15
177;15
177;15
177;15
177;15
177;15
177;14
177;14
177;15
177;15
177;15
177;15
177;15
177;15
178;15
178;16
178;17
178;18
178;19
178;19
178;19
178;19
178;19
179;18
179;17
179;17
179;17
179;17
180;17
180;17
180;17
180;17
180;17
180;17
181;17
181;17
181;16
181;16
181;16
181;16
181;17
181;17
182;18
182;19
182;18
182;18
182;18
182;18
183;18
183;18
184;18
184;18
184;17
184;16
184;16
185;16
185;16
185;15
186;15
186;15
186;14
186;13
186;13
187;14
187;15
187;15
187;15
188;15
188;16
188;17
188;17
188;16
189;16
189;16
189;16
189;17
189;16
190;16
190;15
190;15
191;15
191;15
191;15
191;16
191;16
192;16
192;16
192;16
192;16
192;17
193;17
193;17
193;18
193;19
193;19
194;19
194;19
195;19
195;19
195;19
195;19
196;19
196;19
196;19
196;19
196;19
196;18
196;17
196;17
196;17
196;18
197;17
197;17
197;17
197;17
197;17
197;18
197;18
198;17
198;16
198;15
198;14
198;14
198;14
198;14
198;14
199;14
199;14
199;14
200;14
200;14
200;14
200;14
200;14
201;14
201;14
201;14
201;13
201;13
201;13
201;13
201;13
202;13
202;13
202;13
202;12
202;11
202;11
202;12
202;13
202;13
202;13
203;13
203;13
203;13
202;13
203;13
203;13
204;13
204;13
204;13
204;13
204;13
204;13
204;13
204;13
205;13
205;13
205;14
205;15
205;15
205;15
205;15
206;15
206;15
206;15
206;15
207;15
207;15
207;14
207;13
207;13
208;13
208;13
208;13
208;13
208;13
208;12
208;11
209;10
209;10
209;11
209;12
210;12
210;12
210;12
210;12
211;12
211;13
211;14
211;14
211;13
212;13
212;13
212;13
212;14
212;13
213;12
213;11
213;11
214;11
214;11
214;11
214;11
214;11
215;11
215;11
215;11
215;11
215;12
216;12
216;12
216;13
216;14
216;13
216;13
217;13
217;13
217;13
217;13
217;12
218;12
218;12
218;13
219;13
219;13
219;13
219;13
219;13
219;13
220;13
220;13
220;13
220;13
220;13
220;13
220;14
221;14
221;14
221;15
221;15
221;15
222;15
222;15
222;15
222;16
222;15
222;14
222;14
222;14
223;14
223;14
223;14
223;14
224;14
224;14
224;14
224;14
225;14
225;15
225;14
225;13
225;13
226;13
226;13
226;13
226;13
226;13
227;13
227;13
227;13
227;13
227;13
227;13
228;13
228;13
228;13
228;14
228;14
228;14
229;14
229;14
229;15
229;14
229;13
229;13
229;13
229;13
230;13
230;13
230;13
230;13
230;13
231;14
231;14
231;14
231;14
231;13
231;12
231;12
232;13
232;13
232;13
232;13
232;12
233;12
233;13
233;13
234;13
234;13
234;14
234;14
235;15
235;14
236;14
236;13
236;12
237;13
237;13
238;13
238;14
238;13
239;14
240;14
240;14
240;13
241;14
241;15
241;14
242;14
242;14
242;14
242;13
243;13
243;13
243;13
243;13
243;14
244;14
244;14
244;15
244;15
245;16
245;15
248;14
249;13
250;13
251;13
251;13
251;12
252;12
252;11
253;11
253;11
253;11
253;10
254;10
254;10
254;9
254;9
255;10
255;10
255;10
255;11
255;10
257;9
258;8
259;7
261;7
261;6
261;5
262;6
263;6
263;5
264;5
264;5
264;4
265;4
265;3
266;4
266;4
267;5
269;5
270;5
270;5
275;5
275;5
275;4
275;3
276;3
276;3
276;3
276;3
277;3
277;3
277;4
279;4
280;4
280;4
280;4
281;4
281;5
282;5
282;5
282;5
282;4
283;4
283;4
283;4
284;4
284;4
284;4
284;4
285;4
285;4
285;4
286;4
286;4
286;4
286;4
286;3
287;3
287;2
287;2
287;3
288;3
288;3
288;3
288;3
289;3
289;3
289;3
289;3
290;4
290;4
291;4
291;4
291;4
291;4
292;4
292;4
291;4
292;5
293;5
293;5
293;5
293;5
294;5
294;5
294;5
294;5
295;5
295;5
295;5
295;5
295;5
296;5
296;5
296;6
296;7
296;7
296;7
296;7
297;7
297;7
297;8
297;7
297;7
298;7
298;7
298;7
299;8
300;8
301;8
301;8
301;8
301;8
301;8
301;7
302;7
302;7
302;7
302;8
303;8
303;8
303;9
303;9
304;9
304;9
304;9
304;9
305;9
305;10
305;11
306;11
306;11
306;11
306;11
307;11
307;10
307;10
307;11
308;11
308;11
308;11
308;12
308;12
309;12
309;12
309;13
310;13
310;13
310;13
310;14
310;13
311;13
311;13
312;13
312;13
312;13
312;12
312;12
313;12
313;12
313;12
313;12
313;12
314;12
314;12
314;12
314;13
314;14
314;14
315;14
315;14
315;14
315;14
315;14
315;14
316;14
316;14
316;13
316;12
316;12
316;12
316;12
316;12
316;12
317;12
317;12
317;12
317;11
317;11
317;12
317;12
317;12
317;12
317;12
318;12
318;12
318;12
318;13
318;13
318;13
318;13
318;13
319;14
319;13
319;13
319;13
319;13
319;13
320;13
320;13
320;13
320;13
320;13
320;13
321;13
321;13
321;13
321;14
321;14
321;14
322;13
322;13
322;13
322;13
322;13
323;13
323;13
323;12
323;12
323;12
323;12
324;12
324;12
324;13
324;13
325;13
325;13
325;14
325;13
325;12
325;12
326;12
326;12
326;12
327;12
327;12
327;11
327;11
328;11
328;11
328;12
328;11
328;11
329;11
329;11
329;11
329;11
329;10
330;10
330;10
330;9
330;9
330;9
330;10
331;10
331;10
331;10
331;11
331;12
332;12
332;12
332;12
333;12
333;12
333;12
333;13
333;14
334;14
334;13
334;12
334;12
335;13
335;13
335;13
335;13
336;14
337;13
338;13
338;12
339;13
339;12
340;12
340;12
341;12
341;13
341;14
341;14
341;13
342;13
342;13
342;14
342;15
343;15
343;15
343;15
344;15
344;15
344;14
345;14
345;14
345;13
346;13
346;14
346;15
347;15
347;15
348;14
349;14
350;14
350;14
350;13
351;12
351;11
352;11
353;10
353;10
353;10
353;9
354;9
354;9
355;9
355;9
355;9
355;10
355;9
356;9
356;8
356;8
357;8
357;8
357;9
358;9
359;9
359;9
359;9
359;8
360;9
361;8
361;7
362;7
362;6
362;5
363;6
363;6
364;6
364;7
365;7
365;7
365;7
366;7
366;6
366;5
366;5
367;5
367;5
367;5
367;5
367;5
368;6
368;6
368;6
368;7
369;7
370;7
370;8
371;8
371;8
372;8
372;8
373;8
373;8
373;8
374;8
374;8
374;8
375;8
375;7
375;7
376;7
376;7
376;7
377;7
377;7
377;7
377;6
378;7
379;7
379;7
380;7
380;7
380;8
380;8
380;7
381;8
381;8
382;8
382;9
383;9
383;9
383;9
383;8
384;9
384;9
384;8
385;9
386;9
386;9
386;9
387;9
387;9
387;9
387;9
387;10
388;11
388;11
388;11
388;10
388;9
390;9
390;8
391;8
391;8
392;8
391;8
393;8
393;8
393;8
394;8
394;8
395;8
395;8
395;9
396;9
397;10
397;10
398;10
398;11
398;10
399;10
399;10
399;10
400;11
400;10
401;9
402;9
402;9
402;8
403;8
403;8
403;9
403;9
404;10
404;9
405;9
405;8
406;8
406;8
406;8
407;8
407;7
407;7
408;8
408;8
408;8
408;7
409;7
409;7
410;7
410;7
410;8
411;8
412;8
412;8
413;8
413;8
414;8
414;8
414;8
414;8
414;9
415;8
415;8
415;8
416;8
416;8
416;8
417;8
417;8
417;7
418;7
418;6
419;6
419;6
419;6
419;7
420;7
420;7
420;6
420;6
420;6
421;6
421;6
421;6
422;6
422;6
422;6
422;6
423;6
423;7
423;8
423;8
423;7
424;7
424;7
424;8
424;8
424;7
425;8
427;8
427;8
428;8
428;8
428;8
428;9
428;9
429;9
428;8
429;9
430;9
430;9
430;9
430;9
430;8
431;8
431;8
431;9
432;9
432;9
432;10
433;10
433;10
434;10
434;10
434;11
434;10
435;10
436;11
437;11
438;11
438;11
438;11
438;11
439;11
439;11
439;10
439;10
439;11
440;11
440;11
440;11
440;11
440;11
441;11
441;11
441;12
441;12
442;12
442;12
443;11
443;10
444;10
444;10
444;9
445;9
445;9
445;10
445;10
445;9
446;9
446;10
447;10
447;10
448;10
448;10
448;9
449;9
449;9
449;10
449;9
450;9
451;10
451;9
452;9
452;8
453;8
453;9
453;9
454;9
454;9
454;9
454;9
454;10
455;10
455;10
454;9
456;9
456;9
456;9
456;8
456;8
457;8
457;8
457;8
458;8
458;8
459;9
459;9
459;9
459;9
459;8
460;9
460;9
461;9
461;9
461;10
461;9
462;9
462;9
462;9
463;9
463;9
464;9
463;9
465;9
465;9
465;9
465;8
466;9
466;9
466;8
467;9
468;9
468;9
469;9
469;9
469;10
469;10
469;9
470;9
470;10
471;10
471;10
471;10
472;10
471;9
473;9
473;9
473;8
474;8
474;7
475;7
475;8
475;8
476;8
476;8
476;9
476;9
477;10
478;10
479;10
479;10
479;10
479;9
480;10
480;9
481;9
481;8
482;9
483;9
484;9
484;9
484;9
485;9
485;9
486;10
486;10
486;10
486;10
486;9
487;9
487;9
487;10
487;9
488;9
488;9
488;9
489;9
489;9
489;9
489;9
489;8
490;8
490;7
490;7
490;8
491;8
491;8
491;8
492;8
492;8
495;7
496;7
496;7
496;6
497;6
497;6
497;6
497;6
497;7
497;7
497;6
498;6
498;6
498;6
498;6
498;7
499;7
499;7
499;8
499;8
499;8
499;8
500;8
500;8
500;9
500;8
500;8
501;8
501;8
501;8
501;8
502;8
502;7
502;7
502;8
503;8
503;8
503;8
504;8
504;8
504;8
504;8
504;8
505;8
505;8
505;8
505;9
506;9
506;9
506;8
506;8
506;8
507;8
507;8
507;8
507;7
507;7
508;7
508;7
508;7
509;7
510;7
510;7
510;7
510;7
510;7
510;6
511;7
511;8
511;9
513;9
513;9
514;10
514;11
515;11
516;11
516;11
517;11
517;11
517;11
517;10
518;10
518;10
518;10
518;11
518;12
518;13
518;13
518;12
519;12
519;12
519;11
519;11
519;11
519;12
520;12
520;12
520;12
520;11
520;11
521;11
521;11
521;12
522;11
525;11
525;10
526;10
526;10
527;10
528;10
528;10
528;10
529;11
530;11
531;11
531;10
531;10
531;10
531;9
531;8
532;8
532;9
532;9
533;9
533;9
533;10
533;10
534;9
534;10
534;9
537;9
538;9
538;8
538;9
538;8
538;7
539;7
539;7
539;7
539;7
540;7
540;7
539;6
541;6
541;6
541;6
541;5
541;5
542;5
542;5
542;5
542;5
542;5
543;5
543;5
543;5
543;6
543;6
544;6
544;6
544;7
544;7
544;7
545;7
545;7
545;7
545;7
546;7
546;7
546;7
546;8
547;8
547;8
548;8
548;8
548;8
549;8
549;8
549;7
551;7
552;8
552;7
553;7
553;6
554;6
554;7
554;6
555;6
555;6
555;6
556;7
556;7
557;7
557;8
557;8
558;9
558;10
558;10
558;9
559;10
560;10
561;11
563;10
564;9
565;9
566;10
566;9
568;9
569;9
569;9
570;9
571;9
571;9
572;8
573;8
573;8
574;8
574;8
574;7
574;7
575;7
575;7
576;6
577;5
578;4
578;3
579;2
580;2
581;3
581;2
583;2
584;3
585;3
585;3
585;3
586;3
586;3
586;3
586;2
586;2
586;3
587;3
587;3
587;3
588;3
587;4
589;4
589;4
595;4
596;4
596;4
598;4
598;4
599;4
599;4
599;5
599;5
600;6
600;6
601;7
601;6
604;5
606;4
607;4
607;3
608;4
609;4
610;4
610;5
611;5
611;5
619;4
620;4
620;3
621;3
621;3
621;3
621;2
622;2
622;2
623;2
623;2
623;2
624;2
623;3
625;3
625;3
627;3
628;3
628;3
628;2
630;1
634;1
635;1
635;2
635;2
636;3
636;4
638;4
639;4
639;5
640;5
640;5
641;5
640;5
642;5
642;5
643;4
645;4
645;4
646;4
646;4
646;4
647;4
647;4
648;4
649;4
649;4
650;4
649;4
651;4
651;4
651;4
651;4
652;4
652;4
652;5
653;5
653;5
653;6
655;6
655;6
655;5
656;5
656;5
656;5
656;4
656;3
656;3
657;3
657;3
657;4
659;4
659;3
660;4
660;4
661;5
662;5
663;6
664;6
664;6
665;6
665;6
665;6
665;7
666;7
666;7
667;7
667;7
667;7
667;8
667;8
668;8
668;8
668;9
669;9
669;9
669;9
670;9
670;9
672;8
673;7
674;7
675;7
675;7
675;7
676;7
676;7
677;8
677;8
677;8
677;8
677;7
678;8
679;8
680;8
680;9
680;8
681;9
681;8
683;7
684;7
684;7
685;7
685;7
685;7
685;6
685;6
686;6
686;6
686;7
687;6
688;6
688;5
689;5
689;5
690;5
690;5
691;5
691;5
691;6
694;6
694;6
695;6
695;6
695;6
696;6
696;6
697;6
697;5
698;6
698;5
700;4
701;4
701;4
701;3
702;3
702;3
702;4
702;4
703;5
705;5
706;5
706;6
706;6
706;5
707;6
707;7
708;7
708;7
709;7
709;7
709;7
710;7
710;7
711;6
712;6
713;6
713;6
714;6
715;7
718;7
718;6
719;6
719;6
721;6
721;6
722;7
722;8
722;7
723;7
723;6
724;6
724;7
725;7
725;7
726;6
727;6
727;5
727;4
728;4
728;4
728;4
729;4
729;4
728;4
730;4
730;4
730;4
730;4
731;4
731;4
731;4
731;5
732;5
732;5
733;5
733;5
733;5
734;5
734;5
735;5
735;4
736;4
736;4
736;4
737;5
738;5
739;5
739;5
739;5
740;6
741;6
742;5
742;6
742;5
743;5
744;5
744;5
744;6
744;6
744;5
745;5
745;5
745;6
745;7
746;7
747;7
747;7
749;7
750;7
750;7
750;7
750;7
750;7
751;6
751;6
751;6
751;7
752;7
752;7
752;7
753;7
753;7
753;7
753;7
754;7
754;7
754;7
755;7
755;7
755;7
755;7
755;7
756;7
756;7
756;8
756;8
757;8
757;8
757;8
757;7
758;7
758;8
759;8
759;8
760;8
760;8
760;7
761;8
761;9
762;8
763;8
764;9
764;8
765;8
765;8
765;7
765;6
766;6
766;6
766;7
768;7
768;7
768;7
768;7
769;7
769;7
769;7
769;7
769;8
769;9
770;9
770;9
770;10
771;10
771;10
771;9
772;9
772;9
772;10
776;9
777;9
778;10
778;9
779;9
780;10
780;10
781;9
781;10
781;9
782;9
783;10
784;9
785;9
786;9
786;9
786;8
788;8
789;7
789;7
789;7
789;6
790;5
792;5
792;5
792;4
793;4
793;4
793;4
794;4
794;4
795;4
796;4
796;4
796;4
797;5
798;4
800;4
800;3
801;3
801;3
801;3
801;2
802;3
803;2
805;2
806;3
807;3
808;4
808;4
809;5
811;5
812;5
812;6
813;6
813;6
817;5
820;5
821;5
821;5
822;4
823;4
824;5
826;4
828;3
829;2
830;2
831;2
831;2
832;1
834;1
835;2
839;2
840;2
840;2
841;2
842;3
844;2
851;2
852;3
855;2
862;1
869;1
869;1
870;1
870;1
870;1
871;1
871;1
872;0
874;0
875;0
875;0
878;0
879;0
879;0
880;0
881;1
883;1
884;1
884;2
885;2
885;2
885;2
886;3
890;3
891;4
897;4
898;5
900;5
901;5
901;5
901;4
904;3
906;2
911;2
911;1
912;1
912;1
912;1
913;2
918;1
924;1
925;2
926;2
927;2
927;2
933;2
933;1
934;1
934;1
936;1
937;1
937;1
942;1
943;1
943;1
944;1
945;1
945;2
945;1
946;2
948;2
949;3
954;3
955;4
960;4
961;4
961;4
965;3
966;2
969;1
970;1
971;1
971;1
972;1
972;1
973;1
973;1
973;2
975;2
975;1
976;1
976;1
982;1
983;2
983;2
984;3
988;3
988;3
989;3
989;3
989;4
993;3
999;3
1000;3
1000;3
1001;3
1002;4
1003;4
1003;3
1004;3
1004;3
1004;2
1009;1
1010;1
1010;1
1011;1
1011;1
1011;2
1015;2
1016;2
1016;3
1017;3
1017;3
1018;3
1017;3
1019;3
1019;3
1021;3
1022;3
1022;3
1022;2
1024;2
1025;2
1025;2
1027;2
1028;3
1030;3
1031;4
1031;3
1032;3
1032;3
1033;4
1033;5
1036;5
1036;4
1037;5
1047;5
1048;5
1048;5
1048;5
1049;5
1048;4
1050;4
1050;4
1051;3
1053;2
1053;1
1055;1
1056;1
1056;1
1057;0
1061;0
1062;1
1063;1
1063;1
1064;1
1064;1
1064;2
1066;2
1067;2
1067;2
1067;2
1068;3
1073;3
1073;3
1074;3
1074;3
1074;3
1074;3
1074;3
1075;3
1075;3
1075;3
1075;4
1076;4
1077;4
1077;4
1078;4
1077;4
1079;4
1079;4
1080;4
1081;5
1082;4
1084;3
1085;3
1086;3
1086;3
1086;3
1087;4
1087;4
1088;4
1088;5
1088;4
1089;5
1092;5
1093;6
1095;5
1097;5
1098;6
1101;5
1107;5
1107;4
1108;4
1108;4
1108;3
1109;3
1109;3
1109;2
1110;2
1110;2
1110;2
1111;2
1111;2
1113;1
1118;1
1118;0
1119;1
1120;1
1121;2
1122;2
1123;2
1123;2
1124;2
1124;2
1125;2
1125;2
1125;3
1134;3
1135;3
1135;3
1137;3
1138;4
1138;4
1139;5
1139;4
1141;3
1145;2
1148;2
1149;3
1150;3
1150;3
1151;3
1151;3
1151;3
1152;3
1152;3
1153;3
1152;3
1154;3
1154;3
1158;2
1159;1
1161;1
1162;1
1162;1
1162;1
1163;2
1164;2
1165;3
1165;3
1166;4
1169;4
1169;3
1170;3
1170;3
1172;3
1173;4
1176;4
1177;4
1177;4
1178;4
1177;4
1179;4
1179;4
1179;4
1180;4
1180;4
1180;4
1181;4
1181;4
1181;5
1181;5
1182;5
1182;5
1183;4
1185;3
1186;3
1186;2
1187;2
1187;2
1188;2
1189;2
1189;3
1189;3
1190;3
1190;3
1190;4
1192;4
1192;4
1192;4
1193;4
1193;4
1193;5
1193;6
1193;5
1198;5
1199;6
1201;5
1202;5
1203;6
1204;6
1205;6
1205;7
1206;7
1206;7
1209;6
1210;5
1213;4
1213;3
1218;3
1219;4
1219;3
1223;2
1225;2
1225;1
1226;1
1226;1
1229;1
1230;1
1230;1
1235;1
1236;1
1236;1
1236;1
1237;2
1239;1
1241;1
1242;1
1242;2
1243;2
1243;2
1247;2
1248;3
1254;3
1254;3
1255;3
1255;3
1255;4
1257;4
1257;3
1258;3
1258;3
1262;2
1263;2
1264;2
1264;2
1265;2
1266;3
1268;2
1270;2
1271;3
1274;3
1275;4
1275;3
1281;3
1282;3
1282;3
1286;3
1286;2
1287;2
1287;2
1291;1
1292;1
1292;1
1293;1
1293;1
1293;2
1295;1
1297;1
1298;2
1304;2
1305;3
1312;3
1313;3
1313;3
1313;2
1318;1
1321;1
1322;1
1322;1
1323;1
1324;2
1325;2
1325;1
1326;1
1326;1
1332;1
1333;1
1333;1
1333;1
1334;2
1337;2
1338;3
1343;3
1344;4
1344;3
1347;3
1348;3
1348;3
1349;3
1348;3
1350;3
1350;3
1354;2
1356;2
1357;2
1357;2
1358;1
1359;1
1360;2
1361;2
1362;2
1362;3
1363;3
1363;3
1364;3
1364;2
1365;2
1365;2
1367;2
1368;3
1374;3
1375;4
1375;4
1376;4
1376;5
1377;5
1377;5
1380;4
1382;3
1387;3
1388;4
1388;3
1393;3
1394;3
1394;3
1395;2
1396;2
1396;1
1397;1
1397;1
1404;1
1405;2
1406;2
1407;2
1407;2
1407;2
1408;3
1408;2
1419;2
1420;2
1420;3
1421;3
1421;3
1425;2
1428;1
1431;1
1432;2
1440;1
1446;1
1447;1
1447;1
1452;0
1457;0
1457;0
1458;0
1458;0
1458;1
1468;1
1469;1
1469;2
1470;2
1470;2
1478;1
1480;1
1481;2
1489;1
1495;1
1495;1
1496;1
1496;1
1496;1
1497;1
1497;1
1501;0
1507;0
1507;0
1508;0
1508;0
1508;1
1509;1
1510;2
1513;2
1514;2
1514;2
1518;2
1519;3
1524;3
1525;4
1528;3
1530;2
1532;2
1533;2
1533;2
1536;2
1537;2
1537;2
1538;2
1537;2
1539;2
1539;2
1539;1
1543;1
1544;2
1545;1
1549;1
1549;1
1550;2
1550;3
1564;2
1570;1
1570;0
1586;0
1587;0
1587;0
1592;0
1593;0
1593;0
1598;0
1599;1
1606;1
1607;2
1608;2
1609;2
1609;2
1611;2
1612;2
1612;2
1619;2
1619;1
1620;2
1622;2
1623;3
1627;2
1633;2
1634;2
1634;2
1640;1
1643;0
1644;0
1644;0
1645;0
1645;0
1645;1
1656;1
1657;2
1665;1
1672;1
1673;1
1673;1
1677;0
1685;0
1686;1
1690;1
1691;1
1691;1
1701;1
1702;2
1706;1
1722;0
1725;0
1726;0
1726;0
1729;0
1730;0
1730;0
1739;0
1740;1
1740;1
1741;2
1747;2
1748;2
1748;2
1760;2
1760;2
1760;1
1761;1
1761;1
1761;2
1761;1
1771;1
1772;2
1781;1
1792;0
1794;0
1795;0
1795;0
1804;0
1805;0
1805;0
1806;0
1807;1
1817;1
1818;2
1827;1
1838;0
1871;0
1872;0
1872;0
1876;0
1877;0
1877;0
1885;0
1886;1
1888;1
1889;2
1905;2
1906;2
1906;2
1906;1
1909;0
1914;0
1915;0
1915;0
1916;0
1917;1
1925;1
1926;1
1926;1
1926;1
1927;2
1933;2
1934;2
1934;2
1937;2
1937;1
1938;1
1938;1
1938;1
1939;2
1944;2
1945;3
1947;2
1948;2
1949;3
1959;2
1964;2
1965;2
1965;2
1965;1
1969;0
1976;0
1977;1
1993;1
1994;1
1994;1
1997;0
2004;0
2005;1
2012;1
2013;1
2013;1
2014;1
2015;1
2015;1
2023;1
2024;2
2025;2
2025;1
2026;2
2029;2
2029;2
2030;2
2030;2
2030;2
2031;2
2031;2
2040;2
2041;3
2041;3
2042;4
2044;3
2046;2
2061;1
2062;0
2086;0
2087;0
2087;0
2097;0
2098;1
2110;1
2111;1
2111;1
2112;1
2113;1
2113;1
2118;0
2122;0
2123;1
2124;1
2125;2
2143;1
2145;0
2179;0
2180;0
2180;0
2189;0
2190;0
2190;0
2191;0
2192;1
2198;1
2199;1
2199;1
2200;1
2201;2
2209;2
2210;3
2212;2
2221;1
2230;1
2230;0
2231;0
2231;0
2245;0
2246;1
2266;0
2314;0
2315;0
2315;0
2325;0
2326;1
2346;0
2349;0
2350;0
2350;0
2351;0
2352;0
2352;0
2364;0
2364;0
2365;1
2365;2
2385;1
2385;0
2390;0
2391;0
2391;0
2402;0
2403;1
2423;0
2563;0
2564;0
2564;0
2576;0
2577;1
2597;0
2623;0
2624;0
2624;0
2635;0
2636;1
2656;0
2683;0
2684;0
2684;0
2704;0
2705;1
2725;0
2752;0
2753;0
2753;0
2763;0
2764;1
2773;1
2774;1
2774;1
2784;0
2787;0
2788;1
2808;0
2865;0
2866;0
2866;0
2876;0
2877;1
2897;0
2925;0
2926;0
2926;0
2937;0
2938;1
2958;0
2992;0
2993;0
2993;0
3003;0
3004;1
3024;0
3249;0
3250;0
3250;0
3260;0
3261;1
3281;0
3445;0
3446;0
3446;0
3456;0
3457;1
3477;0
3550;0
3551;0
3551;0
3561;0
3562;1
3582;0
3691;0
3692;0
3692;0
3702;0
3703;1
3723;0
3838;0
3839;0
3839;0
3849;0
3850;1
3870;0
4476;0
4477;0
4477;0
4492;0
4493;1
4513;0
5173;0
5174;0
5174;0
5184;0
5185;1
5205;0
